feature,random_forest,xgboost
zscore_hr,0.08542142977873951,0.16343884
rolling_mean_spo2,0.06839557647265013,0.117008895
zscore_sbp,0.05353423985333043,0.07447137
rolling_max_hr,0.08042796435463957,0.06592423
rolling_min_spo2,0.06401578918239659,0.056279197
rolling_mean_hr,0.06621258587638017,0.055192307
rolling_mean_sbp,0.04714163369776114,0.044546973
rolling_max_spo2,0.04418601414513351,0.032427825
rolling_max_sbp,0.04489392737582491,0.028586667
rolling_min_sbp,0.040793284406028196,0.026276339
sbp,0.0406408156874495,0.02264774
diagnosis_Diabetes,0.0032725228074893136,0.02245823
rolling_min_hr,0.043884150881478144,0.022450961
zscore_spo2,0.04225759119395126,0.022076752
spo2,0.03913644410083018,0.020839525
age,0.02060516314753809,0.019979954
diagnosis_Other,0.002621751680960165,0.019533994
rolling_std_spo2,0.023633769069341445,0.017356101
diagnosis_Hypertension,0.0019628414717432425,0.017328355
rolling_std_hr,0.022552570094568763,0.01730049
rolling_std_sbp,0.022752854414616126,0.017234106
delta_sbp,0.022207153177903838,0.017207079
hr,0.04855263513673299,0.017190665
diagnosis_COPD,0.0020559423190676,0.016672458
delta_spo2,0.02158160994843891,0.016655724
delta_hr,0.022174894455461527,0.016465403
time_since_last_visit_mins,0.0224720625574062,0.016443178
diagnosis_HF,0.0026127827121384633,0.016006554
