replication_id,seed,eligible,ml_prediction,overdue,deviating,fired,ml_blocked_by_overdue_only,ml_blocked_by_deviation_only,ml_blocked_by_both,mean_response_time_high_risk,rerouting_events_per_shift
0,1,8646,34,6768,785,26,7,1,0,178.01435185185184,26
1,2,8352,70,6475,947,63,6,1,0,192.10708333333332,60
2,3,8806,31,6928,897,18,10,2,1,149.06819571865447,18
3,4,8611,44,6736,865,40,1,3,0,190.38732193732196,38
4,5,8677,48,6800,917,29,15,4,0,195.96401179941,29
5,6,8760,29,6886,886,25,4,0,0,212.40505952380954,25
6,7,8521,49,6641,823,46,3,0,0,190.46557632398753,46
7,8,8627,46,6752,738,30,11,4,1,197.17470238095237,30
8,9,8774,29,6896,840,19,9,1,0,181.21419753086423,19
9,10,8706,34,6829,914,28,4,0,2,182.74245014245014,28
