seed,scenario,unreached_high_risk_patients,high_risk_patients,unreached_share
1,unprioritised,57,108,0.5277777777777778
1,static_priority,48,108,0.4444444444444444
1,ai_integrated,47,108,0.4351851851851852
2,unprioritised,52,120,0.43333333333333335
2,static_priority,47,120,0.39166666666666666
2,ai_integrated,60,120,0.5
3,unprioritised,61,109,0.5596330275229358
3,static_priority,52,109,0.47706422018348627
3,ai_integrated,49,109,0.44954128440366975
4,unprioritised,59,117,0.5042735042735043
4,static_priority,55,117,0.4700854700854701
4,ai_integrated,62,117,0.5299145299145299
5,unprioritised,54,113,0.4778761061946903
5,static_priority,58,113,0.5132743362831859
5,ai_integrated,55,113,0.48672566371681414
6,unprioritised,58,112,0.5178571428571429
6,static_priority,51,112,0.45535714285714285
6,ai_integrated,52,112,0.4642857142857143
7,unprioritised,52,107,0.48598130841121495
7,static_priority,48,107,0.4485981308411215
7,ai_integrated,52,107,0.48598130841121495
8,unprioritised,58,112,0.5178571428571429
8,static_priority,52,112,0.4642857142857143
8,ai_integrated,53,112,0.4732142857142857
9,unprioritised,52,108,0.48148148148148145
9,static_priority,60,108,0.5555555555555556
9,ai_integrated,52,108,0.48148148148148145
10,unprioritised,61,117,0.5213675213675214
10,static_priority,51,117,0.4358974358974359
10,ai_integrated,60,117,0.5128205128205128
