replication_id,seed,scenario,n_patients,mean_response_time_high_risk,total_travel_distance_km,workforce_utilisation,rerouting_events_per_shift,false_trigger_rate,rerouting_churn_proportion,mean_additional_travel_per_false_trigger,unvisited_patients,unreached_high_risk_patients,solver_feasible,mean_reroute_time_secs,confidence_interval_half_width
0,1,unprioritised,160,211.2993827160494,173.44223594670513,0.9470277777777772,0,0.0,0.0,0.0,20,57,True,0.0,11.003658334624891
0,1,static_priority,160,194.46712962962962,141.71296181002532,0.952559027777778,0,0.0,0.0,0.0,17,48,True,0.0,11.003658334624891
0,1,ai_integrated,160,175.7364197530864,174.13185802557373,0.9285729166666667,28,0.39285714285714285,0.5822124893352377,7.225757575757578,23,47,True,10.00224422394725,11.003658334624891
1,2,unprioritised,160,186.88597222222225,124.13697894123722,0.9264722222222223,0,0.0,0.0,0.0,20,52,True,0.0,11.003658334624891
1,2,static_priority,160,183.25833333333333,142.56870594486566,0.9529027777777774,0,0.0,0.0,0.0,17,47,True,0.0,11.003658334624891
1,2,ai_integrated,160,187.73666666666668,177.43999034010594,0.8924479166666669,59,0.3220338983050847,0.6110275889434666,6.437719298245606,29,60,True,9.802176857455633,11.003658334624891
2,3,unprioritised,160,183.91269113149846,176.67649292236723,0.9421388888888883,0,0.0,0.0,0.0,21,61,True,0.0,11.003658334624891
2,3,static_priority,160,163.85305810397557,144.84601554236454,0.9475902777777782,0,0.0,0.0,0.0,18,52,True,0.0,11.003658334624891
2,3,ai_integrated,160,149.50107033639145,196.27436861127435,0.9565173611111112,22,0.36363636363636365,0.6390077843073129,4.860416666666671,20,49,True,10.002029664361746,11.003658334624891
3,4,unprioritised,160,198.39188034188032,170.00530870316848,0.9455902777777775,0,0.0,0.0,0.0,20,59,True,0.0,11.003658334624891
3,4,static_priority,160,197.41225071225068,146.21413575314457,0.9544166666666662,0,0.0,0.0,0.0,17,55,True,0.0,11.003658334624891
3,4,ai_integrated,160,193.74430199430202,185.2378646164713,0.9019513888888891,34,0.5454545454545454,0.5944749109195938,7.490740740740733,28,62,True,9.66897600009106,11.003658334624891
4,5,unprioritised,160,186.36592920353985,174.74233068636974,0.9225729166666667,0,0.0,0.0,0.0,24,54,True,0.0,11.003658334624891
4,5,static_priority,160,200.24882005899704,143.05038182092596,0.9531076388888887,0,0.0,0.0,0.0,17,58,True,0.0,11.003658334624891
4,5,ai_integrated,160,179.49070796460177,183.9455412251352,0.9451354166666666,23,0.391304347826087,0.650000723271228,4.414814814814788,21,55,True,10.002954350120854,11.003658334624891
5,6,unprioritised,160,232.11026785714287,156.49190247540878,0.9399583333333328,0,0.0,0.0,0.0,20,58,True,0.0,11.003658334624891
5,6,static_priority,160,225.70714285714288,147.21129692224798,0.9610833333333331,0,0.0,0.0,0.0,16,51,True,0.0,11.003658334624891
5,6,ai_integrated,160,205.1267857142857,184.0313535651977,0.9014409722222221,35,0.46875,0.618482755195737,4.287777777777777,28,52,True,10.001810696474942,11.003658334624891
6,7,unprioritised,160,214.58255451713399,160.25952249972372,0.929034722222222,0,0.0,0.0,0.0,22,52,True,0.0,11.003658334624891
6,7,static_priority,160,201.62009345794394,147.95130020811334,0.9488854166666666,0,0.0,0.0,0.0,18,48,True,0.0,11.003658334624891
6,7,ai_integrated,160,192.73629283489097,186.71819747444724,0.890069444444444,53,0.24528301886792453,0.5529880242617188,2.9474358974359016,30,52,True,9.745815407174328,11.003658334624891
7,8,unprioritised,160,215.12395833333335,136.5346382527661,0.931611111111111,0,0.0,0.0,0.0,20,58,True,0.0,11.003658334624891
7,8,static_priority,160,207.07485119047618,140.98118785677846,0.9647430555555557,0,0.0,0.0,0.0,15,52,True,0.0,11.003658334624891
7,8,ai_integrated,160,196.76666666666668,171.27105546930244,0.9211006944444449,27,0.8461538461538461,0.6111010262376579,4.681818181818174,24,53,True,10.001924811328267,11.003658334624891
8,9,unprioritised,160,195.48919753086417,176.74294027560833,0.9421423611111114,0,0.0,0.0,0.0,21,52,True,0.0,11.003658334624891
8,9,static_priority,160,214.27422839506173,148.95937714860545,0.9555312499999996,0,0.0,0.0,0.0,17,60,True,0.0,11.003658334624891
8,9,ai_integrated,160,176.53981481481478,185.25643706532364,0.9519305555555555,18,0.5,0.6012012925884211,8.93148148148148,20,52,True,10.002534327941248,11.003658334624891
9,10,unprioritised,160,208.6611111111111,185.5036259100536,0.9332951388888893,0,0.0,0.0,0.0,23,61,True,0.0,11.003658334624891
9,10,static_priority,160,194.955698005698,139.1915036370192,0.9640000000000005,0,0.0,0.0,0.0,15,51,True,0.0,11.003658334624891
9,10,ai_integrated,160,185.0112535612536,172.77585787936314,0.8905208333333333,26,0.38461538461538464,0.6331082310385182,17.205000000000023,29,60,True,10.002271154208575,11.003658334624891
